{
  "positions_seen": 12000,
  "plus_positions": 2000,
  "top_feature_indices": [
    317,
    432,
    366,
    284,
    150,
    448,
    383,
    276,
    164,
    501,
    352,
    337,
    394,
    38,
    340,
    26,
    160,
    1,
    477,
    315,
    151,
    389,
    312,
    400,
    424
  ],
  "lift_values": [
    4.2210869789123535,
    3.975414991378784,
    3.6403448581695557,
    3.594964027404785,
    3.5876078605651855,
    3.5747101306915283,
    3.539470672607422,
    3.518230438232422,
    3.433854341506958,
    3.4055190086364746,
    3.373960494995117,
    3.3722782135009766,
    3.3125298023223877,
    3.288717269897461,
    3.2844223976135254,
    3.265558958053589,
    3.2347850799560547,
    3.2060327529907227,
    3.1925759315490723,
    3.183898448944092,
    3.1566848754882812,
    3.155764102935791,
    3.134126663208008,
    3.1194241046905518,
    3.059907913208008
  ],
  "mean_plus_activation": [
    5.0654988288879395,
    4.926944732666016,
    4.427820205688477,
    4.4939093589782715,
    4.305241584777832,
    5.0736565589904785,
    5.061166286468506,
    4.221876621246338,
    4.834663391113281,
    4.292393207550049,
    4.748813152313232,
    4.682611465454102,
    4.243211269378662,
    4.471858024597168,
    4.114546775817871,
    4.395236015319824,
    4.248505592346191,
    4.44671106338501,
    4.658513069152832,
    4.289096355438232,
    4.370595932006836,
    4.320016384124756,
    4.489590167999268,
    3.8793785572052,
    3.8657357692718506
  ],
  "mean_all_activation": [
    0.8444119691848755,
    0.9515296816825867,
    0.7874754071235657,
    0.8989453315734863,
    0.7176337242126465,
    1.4989464282989502,
    1.521695613861084,
    0.7036460638046265,
    1.4008090496063232,
    0.8868740797042847,
    1.3748526573181152,
    1.3103333711624146,
    0.9306814074516296,
    1.183140754699707,
    0.8301242589950562,
    1.1296770572662354,
    1.0137203931808472,
    1.2406781911849976,
    1.4659371376037598,
    1.1051980257034302,
    1.2139109373092651,
    1.1642521619796753,
    1.3554635047912598,
    0.7599545121192932,
    0.8058278560638428
  ]
}